图书排名,图书名称,图书作者,图书出版时间,图书出版社,图书价格
1,蛤蟆先生去看心理医生（年销200万册！英国经典心理咨询入门书，知...,罗伯特・戴博德,2020-07-01,天津人民出版社,26.0
2,少年读史记（套装全5册）,张嘉骅,2015-09-01,青岛出版社,50.0
3,活着（余华代表作，精装，易烊千玺推荐阅读。当当专享印签藏书票...,余华,2021-10-01,北京十月文艺出版社,26.5
4,次第花开 修订版,希阿荣博堪布,2017-02-01,海南出版社,18.9
5,遥远的救世主（天道原著王志文主演电视剧畅销遥远的救世主作者豆...,豆豆,2018-10-09,作家出版社,24.0
6,你当像鸟飞往你的山（中文版销量超200万册，比尔・盖茨年度特别推...,塔拉,2019-11-01,南海出版公司,34.8
7,被讨厌的勇气：“自我启发之父”阿德勒的哲学课 岸见一郎,岸��一郎,2020-03-05,机械工业出版社,37.9
8,杀死一只知更鸟（豆瓣9.2，关于勇气与正义的成长教科书，影响全球...,哈珀・李,2017-02-01,译林出版社,48.0
9,马尔克斯：百年孤独（50周年纪念版）,加西亚・马尔克斯,2017-08-01,南海出版公司,39.6
10,平凡的世界：全三册（全新2021版，茅盾文学奖获奖作品，激励青年...,路遥,2021-06-01,北京十月文艺出版社,98.0
11,三体：全三册 刘慈欣代表作，亚洲“雨果奖”获奖作品！,刘慈欣,2010-11-01,重庆出版社,46.5
12,人生海海（麦家重磅力作，莫言、董卿盛赞，连续两年高居畅销榜，...,麦家,2019-04-16,北京十月文艺出版社,27.5
13,东野圭吾：白夜行（易烊千玺、孟非推荐，东野圭吾作品无冕之王）,东野圭吾,2017-08-09,南海出版公司,44.7
14,少年读山海经（地理+神话+怪兽+奇闻+古文，套装 全3册 ）,刘兴诗,2021-10-01,青岛出版社,50.0
15,窗边的小豆豆(2018版),黑柳彻子,2018-05-01,南海出版公司,31.2
16,神奇校车・图画书版（全12册，新增科学博览会1册）,乔安娜柯尔,2018-05-10,贵州人民出版社,99.0
17,红楼梦原著版（上、下册，全两册，全本120回）（团购电话:400-10...,曹雪芹,2013-01-01,人民文学出版社,34.0
18,文城（余华新书，时隔8年重磅归来，《活着》之后又一精彩力作）,余华,2021-03-03,北京十月文艺出版社,44.2
19,时间从来不语，却回答了所有问题（文学大师季羡林百岁人生的智慧...,季羡林,2021-11-01,百花洲文艺出版社,27.5
20,世界尽头的咖啡馆（做决定前读一遍，少走弯路！美国57所高校指定...,约翰・史崔勒基,2019-05-01,天津人民出版社,29.9
21,神奇校车・桥梁书版（全20册）,乔安娜柯尔,2014-04-01,贵州人民出版社,75.0
22,走遍中国 图说天下 寻梦之旅,霍晨昕,2019-02-01,四川人民出版社,22.1
23,底层逻辑：看清这个世界的底牌,刘润,2021-10-01,机械工业出版社,51.7
24,正面管教(修订版),简・尼尔森,2016-07-01,北京联合出版公司,17.1
25,消失的13级台阶（罗翔推荐！荣获日本推理小说至高荣誉江户川乱步...,高野和明,2020-04-29,上海文艺出版社,21.0
26,东野圭吾：我的老师是侦探,东野圭吾,2019-08-01,南海出版公司,19.75
27,时代广场的蟋蟀：麦克米伦世纪大奖小说最新升级版,乔治・塞尔登,2020-11-01,二十一世纪出版社,11.2
28,简爱（英国女作家夏洛蒂・勃朗特的长篇小说，翻译家宋兆霖未删节...,夏洛蒂勃朗特,2015-08-01,作家出版社,14.0
29,红岩,罗广斌,2017-09-01,中国青年出版社,27.0
30,夏洛的网(2020版）（三年级阅读经典书目）,怀特,2014-08-01,上海译文出版社,30.3
31,东野圭吾：解忧杂货店（胡歌、王俊凯、刘昊然倾情推荐，简体中文...,东野圭吾,2020-09-01,南海出版公司,44.2
32,乌合之众 : 大众心理研究（群体心理学创始人古斯塔夫・勒庞代表作...,古斯塔夫・勒庞,2018-04-06,民主与建设出版社,12.2
33,中华人民共和国民法典（64开便携版 压纹烫金版）2020年6月新版,法律出版社,2020-06-01,法律出版社,6.3
34,万物由来科学绘本 写给孩子的科普绘本,项华,2020-08-01,北京联合出版有限公司,35.7
35,小巴掌童话注音版8册百篇张秋生著 小学生课外读本,张秋生,2018-04-18,山东科学技术出版社,31.0
36,小熊和最好的爸爸（全7册）,阿兰德・丹姆,2007-11-01,贵州人民出版社,17.5
37,亲密关系：通往灵魂的桥梁（新版）：杨天真推荐，这本书告诉我们...,克里斯多福・孟,2019-04-01,湖南文艺出版社,20.3
38,小猪唏哩呼噜(注音版上下),孙幼军,2021-11-01,春风文艺出版社,23.6
39,小王子（纪念版，李继宏口碑译作，作者基金会官方认证简体中文版...,安托万・德・圣埃克苏佩里,2018-06-03,天津人民出版社,19.9
40,狼王梦（升级版）/动物小说大王沈石溪・品藏书系,沈石溪,2018-07-01,浙江少年儿童出版社,13.0
41,面纱（毛姆关于女性精神觉醒的经典作品，三次改编成电影。2018全...,毛姆,2019-01-01,时代文艺出版社,10.5
42,置身事内：中国政府与经济发展（罗永浩、罗振宇、何帆、刘格菘、...,兰小欢,2021-08-01,上海人民出版社,32.5
43,沟通的方法（别怕，沟通是场无限游戏。得到CEO脱不花为你备好的沟...,脱不花,2021-06-11,新星出版社,49.0
44,我有友情要出租（拼音版）,方素珍,2017-05-01,新疆青少年出版社,13.2
46,傅雷家书,傅雷,2021-01-01,万卷出版公司,15.0
47,心灵教科书绘本系列：西兰花先生的理发店（教会孩子：敢于打破常...,福田纯子,2021-01-01,海豚出版社,29.9
48,苏菲的世界（平装新版）八年级阅读乔斯坦贾德哲学入门书作家出版...,乔斯坦・贾德,2017-09-19,作家出版社,28.5
49,作家榜经典：月亮与六便士（全新未删节插图珍藏版！毛姆写给年轻...,毛姆,2017-01-10,浙江文艺出版社,19.9
50,流浪的地球（《三体》作者刘慈欣绚丽想象力之作，大人孩子均可阅...,刘慈欣,2018-05-01,浙江教育出版社,14.2
51,云边有个小卖部（陆定昊诚挚推荐，随书附赠云边镇四季明信片和张...,张嘉佳,2018-07-01,湖南文艺出版社,21.2
52,苏东坡传（林语堂纪念典藏精装版）,林语堂,2018-01-01,湖南文艺出版社,23.4
53,人类群星闪耀时（无删减全译本。《一个陌生女人的来信》作者茨威...,斯蒂芬・茨威格,2018-01-15,时代文艺出版社,13.7
54,阿Q正传（收录鲁迅《阿Q正传》《狂人日记》《药》等17个中短篇小...,鲁迅,2014-12-01,北京联合出版公司,9.4
55,儒林外史(56回全本，内容考证、文字句读全新修订版),吴敬梓,2015-07-01,花山文艺出版社,11.8
56,青铜葵花正版曹文轩纯美小说7-8-9-10-12岁草房子系列儿童文学校园...,曹文轩,2016-04-01,江苏少年儿童出版社,10.9
57,边城（沈从文代表作）,沈从文,2019-04-01,中国友谊出版公司,15.7
59,月光落在左手上（精装珍藏版）,余秀华,2020-09-01,北京十月文艺出版社,29.0
61,小狗钱钱（附赠免费亲子财商课+理财秘籍思维导图）,博多・舍费尔,2021-01-20,中信出版社,19.9
62,青铜葵花（当当网定制版）,曹文轩,2015-03-01,天天出版社有限责任公司,12.5
63,如果历史是一群喵9・五代十国篇,肥志,2021-10-01,广东旅游出版社,44.8
64,华夏万卷 楷书入门6件套 楷书字帖田英章书钢笔字帖成人学生硬笔书...,田英章,2018-12-01,上海交通大学出版社,29.7
65,孩子读得懂的山海经（共3册）神话+神兽+异人国,兰梦醒,2020-11-04,北京理工大学出版社,85.4
66,银河帝国：基地（人类历史上不容错过的系列小说。被马斯克用火箭...,艾萨克・阿西莫夫,2015-09-01,江苏文艺出版社,22.5
67,国际大奖小说――亲爱的汉修先生,贝芙莉・克莱瑞,2017-04-01,新蕾出版社,14.6
68,草房子：六年级推荐课外阅读书/曹文轩纯美小说系列,曹文轩,2016-04-01,江苏凤凰少年儿童出版社,10.9
69,沉思录,马可.奥勒留,2008-02-01,中央编译出版社,9.0
70,钝感力（渡边淳一经典励志大作！央视新闻、《奇葩说》鼎力推荐，...,渡边淳一,2018-01-01,青岛出版社,16.0
71,也许你该找个人聊聊（入选2021豆瓣受关注图书榜、新京报年度阅读...,洛莉・戈特利布,2021-06-01,上海文化出版社,39.9
72,三毛流浪记（彩图注音读物）,张乐平,2017-06-01,少年儿童出版社,18.8
73,生死疲劳（诺奖得主莫言畅销代表作，六道轮回的想象，灵魂不死的...,莫言,2020-03-01,浙江文艺出版社,31.02
75,人间失格（日本小说家太宰治代表作，一个对村上春树影响至深的绝...,太宰治,2015-08-01,作家出版社,10.1
76,侦探与小偷 （手绘精美插图，金钥匙儿童文学大系）,叶永烈,2019-01-01,中译出版社（原中国对外翻译出版公司）,12.2
77,少年读徐霞客游记（游中国・地理启蒙，全3册）,刘兴诗,2020-09-01,青岛出版社,50.0
78,毛泽东选集（全四册，32开）,毛泽东,1991-06-01,人民出版社,60.7
79,围城,钱钟书,1991-02-01,人民文学出版社,30.8
80,走遍世界 图说天下 寻梦之旅,王秀莉,2020-12-01,四川人民出版社,22.1
81,山茶文具店（陆定昊诚挚推荐，日本畅销作家小川糸备受好评暖心之...,小川糸,2018-03-31,湖南文艺出版社,22.5
82,追风筝的人（李雪琴、高圆圆动情推荐，《纽约时报》畅销书榜上榜...,卡勒德・胡赛尼,2006-05-01,上海人民出版社,31.0
83,郑渊洁四大名传：皮皮鲁传,郑渊洁,2015-12-01,浙江少年儿童出版社,13.0
84,罗尔德・达尔作品典藏（彩图拼音版）―了不起的狐狸爸爸,罗尔德・达尔,2018-09-01,明天出版社,13.4
85,法治的细节（罗翔新作，法律随笔，评热点、论法理、聊读书、谈爱...,罗翔,2021-11-01,云南人民出版社,37.3
86,趣说中国史：如果把中国422位皇帝放在一个群里，他们会聊些什么？...,趣哥,2020-11-01,台海出版社,24.9
87,理想国,柏拉图,2012-05-01,中国华侨出版社,15.7
88,学会管自己幼儿版-歪歪兔自控力教育系列绘本（全10册，幼儿园情绪...,歪歪兔关键期早教项目组,2017-06-01,海豚出版社,44.0
89,致我独一无二的宝贝（联合国秘书长安东尼奥・古特雷斯高度评价，...,沙尼・金,2020-10-14,湖南美术出版社,22.1
90,全球最美的100个地方 图说天下 国家地理,图说天下.国家地理,2012-06-01,北京联合出版公司,7.7
92,下雨的书店（全4册）,日向理惠子,2021-08-01,新星出版社,66.5
93,哈利・波特与魔法石 (平装)（《语文》教材推荐阅读书目，外国儿童...,J.K.罗琳,2018-11-01,人民文学出版社,32.0
94,心若菩提(增订本),曹德旺,2020-10-01,人民出版社,66.7
95,愿望的实现（手绘精美插图，亚洲诺贝尔文学奖得主泰戈尔代表作之...,泰戈尔,2019-10-01,浙江工商大学出版社,9.9
96,她来了请准备（月经来了，你准备好了吗？）,优米・斯泰恩斯,2021-10-01,海豚出版社,29.5
97,皮囊（400万册纪念版，直面人生的难题，刻在骨头里的故事，容纳一...,蔡崇达,2019-05-01,天津人民出版社,24.9
98,大熊先生盖房子（澳大利亚青少年图书奖获奖作家、加拿大总督奖获...,珍・戈德温,2017-11-01,中译出版社,22.1
99,跟着诗词去旅行 图说天下 寻梦之旅,郝娟菡,2019-09-01,四川人民出版社,22.1
100,新版林格伦作品选集・美绘版 长袜子皮皮,阿斯特丽德・林格伦,2018-03-01,中国少年儿童出版社,16.8
102,霍乱时期的爱情（《百年孤独》作者马尔克斯传世巨著，展示爱情的...,哥伦比亚,2020-03-01,南海出版公司,49.6
103,草房子（当当网定制版）,曹文轩,2015-03-01,天天出版社有限责任公司,12.5
104,丰子恺万般滋味，都是生活,丰子恺,2018-09-01,华中科技大学出版社,18.9
105,世界上最棒的礼物――图画中隐藏无数细节，让小小孩玩过瘾！,赖马,2019-06-30,北京联合出版有限公司,22.9
106,没头脑和不高兴（注音版）（简单的故事，不简单的道理）,任溶溶,2017-10-01,南方出版社,13.3
107,古文观止（上下册，原文+导读+注释+翻译，特别适合青少年）,吴楚材,2016-09-01,浙江教育出版社,24.4
108,从零开始的女性主义,上野千鹤子,2021-09-01,北京联合出版有限公司,37.4
109,信谊世界精选图画书-猜猜我有多爱你,山姆・麦克布雷尼,2020-09-01,明天出版社,25.8
110,皮特猫・3~6岁好性格养成书：第一辑（共6册）（乐观、积极、开朗...,艾瑞克・利温,2018-07-01,文汇出版社,69.9
111,斯凯瑞金色童书・益智经典（百年诞辰纪念版，全4册）（原斯凯瑞金...,理查德・斯凯瑞,2019-05-01,贵州人民出版社,49.0
112,刘擎西方现代思想讲义（奇葩说导师、得到App主理人刘擎讲透西方思...,刘擎,2021-01-17,新星出版社,62.4
115,半小时漫画论语（孔子原来这么爱吐槽！看孔子和弟子们卖萌吐槽，...,陈磊・半小时漫画团队,2021-09-30,文汇出版社,29.9
116,夏天、烟火和我的尸体（张震、田�D推荐。乙一16岁惊世成名作，高...,乙一,2019-09-01,南海出版公司,22.5
117,人间词话（王国维先生的代表作，近代较富盛名的词话著作）,王国维,2015-06-01,北京联合出版公司,14.0
118,100层的房子系列（全4册，《100层的房子》+《地下100层的房子》+...,岩井俊雄,2018-08-01,北京科学技术出版社,78.0
119,一个陌生女人的来信（茨威格中短篇小说选，豆瓣9.4高评分译作，德...,斯蒂芬・茨威格,2017-09-01,时代文艺出版社,10.3
120,小兵张嘎 百年百部经典书系 5-6年级阅读拓展书目，红色经典抗战题...,徐光耀,2020-04-01,长江少年儿童出版社,10.0
121,罗尔德・达尔作品典藏 了不起的狐狸爸爸,罗尔德・达尔,2017-05-01,明天出版社,7.5
122,橘子不是唯一的水果,珍妮特・温特森,2018-04-01,北京联合出版有限公司,24.5
123,人间值得（90岁心理医生恒子奶奶写给生活的哲思小书。十点读书、...,中村恒子,2019-09-01,北京日报出版社,24.9
124,不一样的卡梅拉手绘本（1-12册）,克利斯提昂,2013-06-01,２１世纪出版社,58.5
125,大语文那些事儿（全6册）大语文时代，得语文者得天下。字词、作文...,赵旭,2020-10-01,北京理工大学出版社,89.1
126,我们仨（新版）,杨绛,2018-06-01,生活.读书.新知三联书店,21.0
127,外婆的道歉信（外婆说，要大笑要做梦要与众不同。人生是一场伟大...,弗雷德里克・巴克曼,2017-05-01,天津人民出版社,29.0
128,理想国（2020全译本，西方哲学的源头，清华大学、北京大学图书馆...,柏拉图,2020-07-01,民主与建设出版社,38.6
129,一九八四（又译“1984”。奥威尔代表作，反乌托邦杰作之一）,乔治・奥威尔,2018-02-05,时代文艺出版社,15.0
130,愿你慢慢长大（与刘瑜、周国平、冯唐等名家一起开始一场温柔的教...,刘瑜,2018-01-01,北京联合出版有限公司,22.5
131,小英雄雨来 （新版本，手绘精美插图）,管桦,2019-04-01,辽宁少年儿童出版社,13.1
132,二十四节气自然绘本 让孩子了解自然的瞬息万变 科普百科绘本,肖克之,2020-08-01,北京联合出版有限公司,67.9
133,真希望我父母读过这本书,菲莉帕・佩里,2020-08-10,中信出版社,31.2
134,我的第一本地理启蒙书,郑利强,2016-06-01,新世界出版社,24.9
135,彩虹色的花,麦克,2018-07-01,二十一世纪出版社,23.0
136,余秋雨 文化苦旅,余秋雨,2014-03-01,长江文艺出版社,19.0
137,十二生肖的故事――首届丰子恺儿童图画书奖得主  赖马作品！,赖马,2020-03-28,河北教育出版社,22.9
138,万历十五年 一本好书 腾讯视频栏目推荐,黄仁宇,2006-06-01,生活.读书.新知三联书店,17.9
139,心安即是归处（季羡林百年生命智慧。央视《朗读者》多次动情朗读...,季羡林,2020-08-01,古吴轩出版社,21.8
140,月亮与六便士（精装典藏版，未删节全译+详细详注+12幅高更画作+1...,毛姆,2019-06-01,时代文艺出版社,21.2
141,我与地坛（纪念版）,史铁生,2011-06-01,人民文学出版社,20.0
142,蝴蝶・豌豆花,金波,2010-04-01,河北教育出版社,10.1
143,半小时漫画宇宙大爆炸（半小时读完138亿年宇宙史，一口气搞懂大爆...,陈磊・半小时漫画团队,2021-11-08,浙江科学技术出版社,24.5
144,美国儿科学会育儿百科（第7版）,塔尼娅・奥尔特曼,2020-12-01,北京科学技术出版社,81.0
145,罗生门（芥川龙之介小说集。《人间失格》作者太宰治是芥川的头号...,芥川龙之介,2017-12-01,时代文艺出版社,14.6
146,暖房子・屁屁侦探系列（套装共6册）,Troll,2019-02-01,北京联合出版有限公司,48.0
147,钱穆谈中国历史文化：中国历史精神,钱穆,2019-06-06,贵州人民出版社,12.7
148,地心游记（银火箭少年科幻系列・第2辑，又译《地心历险记》）,儒勒・凡尔纳,2020-04-01,民主与建设出版社,17.2
149,向上生长（九边作品。让选择变得精准，让机遇不再错失。 悉数解决...,九边,2020-05-06,贵州人民出版社,22.5
150,花婆婆――清华附小推荐的经典绘本！美国国家图书奖作品！,芭芭拉库尼,2019-11-11,河北教育出版社,19.9
151,人生没什么不可放下：弘一法师的人生智慧（弘一法师彻悟一生的人...,宋默,2014-01-01,团结出版社,16.4
152,我爸爸+我妈妈（全2册）――清华附小推荐经典儿童绘本 ！（启发童...,安东尼,2019-10-01,河北教育出版社,60.0
153,哈利・波特与死亡圣器  (平装)（《语文》教材推荐阅读书目，外国...,J.K.罗琳,2018-11-01,人民文学出版社,59.2
155,非暴力沟通（修订版）,马歇尔,2021-09-01,华夏出版社,44.8
156,这就是物理（函套10册）,约瑟夫・米森,2019-07-01,北京理工大学出版社,77.7
157,和爸爸一起科学启蒙绘本（全8册+66个彩蛋，歪歪兔出品）,关航,2021-10-01,海豚出版社,75.0
158,见识城邦・人类简史：从动物到上帝（新版）,尤瓦尔・赫拉利,2017-01-01,中信出版社,46.9
159,在峡江的转弯处：陈行甲人生笔记,陈行甲,2021-01-26,人民日报出版社,24.0
160,今天我是升旗手（少年中国成长系列）,黄蓓佳,2019-08-01,民主与建设出版社,16.0
161,小金鱼逃走了,五味太郎,2017-04-01,新星出版社,17.5
162,古代人的日常生活（古代的光棍多吗？古人怎么擦屁屁？古人夏天如...,讲历史的王老师,2020-02-10,江苏凤凰文艺出版社,34.9
163,不能不懂的编程 我是学霸 给孩子的创新编程启蒙绘本,项华,2021-09-01,北京联合出版有限公司,39.0
164,信谊原创图画书系列-团圆,余丽琼,2008-04-01,明天出版社,27.0
165,一粒种子的旅行,安妮・默勒,2017-06-01,南海出版公司,27.6
166,罪与罚（刑法学罗翔老师推荐版本，用爱和生活去对抗痛苦！）【果...,陀思妥耶夫斯基,2019-02-01,浙江文艺出版社,34.0
167,古代人的日常生活2（典藏版）（古代房价高吗？古人如何抗疫？古人...,讲历史的王老师,2021-08-01,江苏凤凰文艺出版社,37.9
168,男孩百科--优秀男孩的学习妙招,彭凡,2017-01-01,化学工业出版社,13.8
169,高效能人士的七个习惯（30周年纪念版）（全新增订版）（新增《纽...,史蒂芬・柯维,2020-05-30,中国青年出版社,46.6
170,复活（精装大开本，托尔斯泰三部曲之一，草婴翻译，无删节全译本...,列夫・托尔斯泰,2019-10-30,时代文艺出版社,34.3
171,bibi动物园：忍不住想打扰你（当当专享作者签章本，超人气原创治...,bibi,2021-09-01,南海出版公司,35.2
172,科幻世界・三体(一),刘慈欣,2008-01-01,重庆出版社,11.5
173,白色橄榄树（全二册）（ 人气作家玖月��继《少年的你，如此美丽》...,玖月��,2019-04-01,百花洲文艺出版社,45.4
174,鲁迅：故事新编,鲁迅,2015-01-01,天津人民出版社,12.5
175,山月记（如果你很迷茫！自我拉扯！一定要读《山月记》。日本文豪...,中岛敦,2019-02-01,三秦出版社,22.5
177,月亮和六便士（毛姆代表作之一，全新导读+无删节详注版）,毛姆,2017-09-01,时代文艺出版社,12.7
178,大宇宙  和爸妈游太空  给孩子的手绘天文绘本,马劲,2020-03-23,北京联合出版有限公司,67.9
179,沉默的大多数（爱智慧、爱自由、反对愚蠢，读王小波的“上头之选...,王小波,2021-01-01,北京十月文艺出版社,29.5
180,中华人民共和国民法典(32开压纹烫金版 附草案说明)2021年1月起正...,法律出版社,2020-06-01,法律出版社,7.5
181,国际大奖小说・升级版--苹果树上的外婆,米拉・洛贝,2011-01-01,新蕾出版社,14.6
182,这就是二十四节气：升级版 全四册(文津图书奖获奖图书，请认准正...,高春香,2019-11-01,海豚出版社,75.0
183,白鹅赶路（手绘精美插图）,彭万洲,2019-01-01,中译出版社（原中国对外翻译出版公司）,12.2
184,终身成长：重新定义成功的思维模式,卡罗尔・德韦克,2017-11-01,江西人民出版社,24.9
185,半小时漫画青春期：生理篇（从变声长痘到脸红心跳，笑着笑着解决...,陈磊・半小时漫画团队,2021-07-30,天津科学技术出版社,24.5
186,中国历代政治得失 钱穆（新校本）,钱穆,2013-12-28,九州出版社,9.4
187,如何说孩子才会听 怎么听孩子才肯说（全新修订版，涂磊推荐）,玛兹丽施,2016-09-01,中央编译出版社,18.4
188,心理抚养,李玫瑾,2021-06-01,上海三联书店,21.0
189,阅读是一座随身携带的避难所（罗翔推荐版本。“阅读应该是愉悦的...,毛姆,2020-07-01,江西人民出版社,21.0
190,小熊宝宝绘本（简装全15册）蒲蒲兰经典绘本！新手妈妈的育儿宝典...,佐佐木洋子,2007-05-16,新世纪出版社,48.0
191,小彗星旅行记 注音版(北京天文馆推荐) 2021年出版,徐刚,2021-02-01,人民邮电出版社,19.5
192,焦虑的人（九个焦虑的人，一场人质劫持，能解救他们的不是警察，...,弗雷德里克・巴克曼,2021-08-01,天津人民出版社,24.9
193,（课本里的大师 ）小坡的生日（2022年百班千人寒假书单）,老舍,2020-01-01,南京大学出版社,19.0
194,放学后（东野圭吾成名作）,东野圭吾,2017-09-01,南海出版公司,33.7
195,有故事的汉字 第1辑（全3册）,邱昭瑜,2015-01-06,青岛出版社,30.0
196,国内大奖书系-吃黑夜的大象（注音 全彩 美绘）,白冰,2015-03-01,春风文艺出版社,11.2
197,【樊登推荐】考试脑科学 脑科学中的高效记忆法（图灵出品）,池谷裕二,2021-03-01,人民邮电出版社,39.8
198,在细雨中呼喊（余华活着许三观卖血记兄弟文城长篇代表作之一作家...,余华,2017-09-12,作家出版社,22.7
199,当世界年纪还小的时候,舒比格,2006-10-01,四川少儿出版社,13.3
200,中华人民共和国民法典（实用版）2021年1月起正式施行  团购电话：...,中国法制出版社,2020-06-01,中国法制出版社,28.9
201,米小圈脑筋急转弯（第一辑）（套装共4册）,北猫,2016-01-01,四川少儿出版社,31.4
202,没头脑和不高兴 任溶溶幽默儿童文学创作（注音版）典藏本,任溶溶,2018-04-01,浙江少年儿童出版社,49.0
203,这么好玩的物理 我是学霸 给孩子的物理启蒙科普绘本,项华,2021-11-01,北京联合出版有限公司,39.0
204,第一人称单数（村上春树2021新书，村上回归之作！随书附赠音乐导...,村上春树,2021-11-01,花城出版社,53.2
205,谈判：如何在博弈中获得更多(第四版)Everything is Negotiable,盖温・肯尼迪,2018-04-06,民主与建设出版社,22.5
206,不可思议的旅程三部曲（2020版）,艾伦・贝克尔,2020-08-01,新星出版社,89.7
207,拼音真好玩（全彩6册）（从幼小衔接到一年级，拼音学习启蒙书，附...,周霞,2018-10-15,电子工业出版社,49.5
208,刀锋（毛姆经典哲思之作，苏州大学方华文教授全新修订&详细注释本...,毛姆,2018-05-14,时代文艺出版社,18.6
209,王尔德童话（舒朗大开本，包含《快乐王子》）,奥斯卡・王尔德,2017-03-01,辽宁少年儿童出版社,9.7
210,科幻世界・三体(二)黑暗森林,刘慈欣,2008-05-01,重庆出版社,16.0
211,科幻世界・三体(三)死神永生,刘慈欣,2010-11-01,重庆出版社,19.0
212,奇妙的数王国――中国科普名家名作・数学故事专辑(典藏版）,李毓佩,2011-06-01,中国少年儿童出版社,9.9
213,名人传（1915年诺贝尔文学奖获得者罗曼・罗兰的传记代表作）,罗曼罗兰,2016-01-01,作家出版社,13.7
214,雷雨（中国现代杰出剧作家曹禺的代表作，被翻译成各国语言的中国...,曹禺,2017-12-01,北京十月文艺出版社,18.0
215,科幻世界・三体（典藏版）,刘慈欣,2016-06-30,重庆出版社,13.0
216,三毛全集02：撒哈拉的故事,三毛,2017-04-01,北京十月文艺出版社,24.1
218,富爸爸穷爸爸（新版本）当当投资理财类图书！本版随书附赠价值19...,罗伯特・清崎,2019-08-01,四川人民出版社,40.1
219,半小时漫画三国演义（哈哈哈哈一顿大笑，三国故事全知道！桃园结...,陈磊・半小时漫画团队,2021-10-15,河南文艺出版社,27.4
220,非常疑犯（“法医笔记”系列重磅新作。《时代周刊》报道的中国法...,红眸,2021-08-31,天津人民出版社,26.0
221,米小圈上学记一年级（套装共4册）,北猫,2018-04-01,四川少儿出版社,49.0
222,中国通史（吕思勉先生写给普通读者的中国通史入门书）,吕思勉,2015-01-01,民主与建设出版社,18.7
223,那个不为人知的故事,Twentine,2020-10-01,四川文艺出版社,18.9
224,作家榜经典：老人与海（全新未删节插图精装版！海明威作品！人可...,海明威,2017-02-20,浙江文艺出版社,19.9
225,遥远的救世主+天幕红尘+天局（王志文主演电视剧《天道》原著小说...,豆豆,2020-07-22,作家出版社,67.0
226,创业史,柳青,2009-01-01,中国青年出版社,29.4
227,没头脑和不高兴（任溶溶编著彩色注音版）,任溶溶,2018-07-01,安徽少年儿童出版社,12.1
228,疯狂的化学 我是学霸 给孩子的趣味化学启蒙绘本,郭元婕,2021-11-01,北京联合出版有限公司,39.0
229,张医生与王医生（南都年度十大好书！新周刊刀锋图书奖年度纪实作...,伊险峰,2021-10-01,文汇出版社,34.0
230,大侦探福尔摩斯（第1辑）（全6册）,柯南・道尔,2018-02-01,湖北教育出版社,54.2
231,人生只有一件事:教你如何活得更好,金惟纯,2021-05-13,中信出版社,44.2
232,信谊世界精选图画书-爷爷一定有办法,菲比・吉尔曼,2013-04-01,明天出版社,25.2
233,平凡的世界普及本,路遥,2021-06-01,北京十月文艺出版社,38.6
234,我的野生动物朋友：精装珍藏版,蒂皮・德格雷,2020-10-01,接力出版社,59.4
235,父母的语言：3000万词汇塑造更强大的学习型大脑,达娜・萨斯金德,2021-06-15,机械工业出版社,44.2
236,我喜欢生命本来的样子(周国平经典散文作品集),周国平,2017-02-01,作家出版社,22.1
237,俗世奇人（全三册，冯骥才作品）,冯骥才,2020-03-31,作家出版社,31.0
238,笨狼的故事注音版（全8本）,汤素兰,2016-06-01,湖南少年儿童出版社,80.0
239,罗尔德・达尔作品典藏 查理和巧克力工厂,罗尔德・达尔,2017-05-23,明天出版社,11.0
240,罪与罚（“俄罗斯文学天才”陀思妥耶夫斯基成名之作，人能从洁白...,陀思妥耶夫斯基,2020-09-01,台海出版社,40.0
241,海错图笔记（青少版）:入选2020年教育部中小学生指导目录；张辰亮...,张辰亮,2020-10-01,中信出版社,38.9
242,果麦经典：了凡四训（“我命由我不由天！”曾国藩、胡适、稻盛和...,袁了凡,2017-09-01,三秦出版社,16.0
243,曹文轩文集典藏版（全7册）,曹文轩,2013-09-01,天天出版社有限责任公司,84.0
244,小兔子学花钱系列・3~7岁孩子的财商启蒙绘本（全3册）（学花钱、...,辛德斯・麦克劳德,2020-03-13,河南文艺出版社,57.8
245,天堂旅行团（当当专享寄语印签环衬+精编小册子，继《全世界》《云...,张嘉佳,2021-08-01,湖南文艺出版社,26.4
246,东野圭吾：嫌疑人X的献身（易烊千玺、王凯推荐，至为纯粹的爱情，...,东野圭吾,2014-06-01,南海出版公司,24.1
247,逻辑学入门：清晰思考、理性生活的88个逻辑学常识,格桑,2020-09-01,中国纺织出版社,40.7
248,大卫科波菲尔（狄更斯传奇自传性小说，翻译家宋兆霖全译本）,查尔斯・狄更斯,2015-08-01,作家出版社,24.4
249,夜晚的潜水艇(第四届宝珀理想国文学奖得主陈春成短篇小说集，游荡...,陈春成,2020-09-01,上海三联书店,39.0
250,绝叫（罗翔推荐，长达四十年的恶女编年史，日本文学社会派推理小...,叶真中显,2020-07-01,北京联合出版有限公司,29.0
251,牧羊少年奇幻之旅（央视《朗读者》、湖南卫视《天天向上》、李现...,保罗・柯艾略,2018-01-01,北京十月文艺出版社,24.1
253,他在云之南（人气作家景行燃情悬爱力作！随书附赠“追光”书签。...,景行,2020-04-01,百花文艺出版社,19.9
254,瓦尔登湖(珍藏本) 朗读者朗读书目,梭罗,2010-12-01,中国三峡出版社,11.2
255,空间简史(与《时间简史》《人类简史》《未来简史》并称“四大简史...,托马斯・马卡卡罗,2019-01-01,四川文艺出版社,17.7
256,丰乳肥臀（莫言用情极深的长篇代表作，女性苦难史）,莫言,2020-03-01,浙江文艺出版社,31.1
257,局外人・鼠疫（诺奖得主加缪两大代表作《局外人》《鼠疫》。翻译...,�z法�{阿尔贝・加缪,2018-01-01,时代文艺出版社,15.5
258,长腿叔叔（教会孩子们面对困难如何自强、面对挑战如何自信、面对...,韦伯斯特,2019-04-01,吉林美术出版社,40.0
259,小猪唏哩呼噜(彩色注音版上、下),孙幼军,2014-03-01,春风文艺出版社,29.5
260,全球通史:从史前史到21世纪（第7版修订版上下册，赠送全球通史主...,斯塔夫里阿诺斯,2006-10-01,北京大学出版社,77.3
261,时间简史（插图本）（央视《朗读者》推荐）,史蒂芬・霍金,2014-06-01,湖南科技出版社,22.5
262,小小聪明豆绘本系列:波西和皮普(套装共7册),阿克塞尔・舍夫勒,2015-08-17,外语教学与研究出版社,53.5
263,屁屁侦探思维进阶版 第一辑（精装4册）,Troll,2021-03-01,二十一世纪出版社,77.0
264,双城记（狄更斯经典代表作，逝世150周年纪念版！翻译泰斗宋兆霖权...,查尔斯・狄更斯,2020-07-01,台海出版社,34.4
265,机器女孩（寒假百班千人推荐）（2022年百班千人寒假书单）,李姗姗,2021-05-01,天地出版社,27.0
266,人间词话（小嘉抖音推荐，叶嘉莹讲评本，诗词大家叶嘉莹逐条讲透...,王国维,2021-10-01,万卷出版公司,34.0
267,山海经（白话全译彩图版珍藏版）,徐客,2012-03-01,现代出版社,29.8
268,沧浪之水（某瓣8.5分，入围茅盾文学奖。职场小白、考公人的启蒙之...,阎真,2021-07-01,北京十月文艺出版社,24.5
269,给男孩的情绪管理绘本（套装全5册）,乐凡,2021-03-01,青岛出版社,45.0
270,神奇的逻辑思维游戏书,索尼国际教育公司,2018-10-01,北京日报出版社,22.5
271,审判（卡夫卡长篇代表作之一。钱满素、袁华清翻译）,卡夫卡,2018-04-01,时代文艺出版社,12.3
272,房思琪的初恋乐园 （豆瓣9.2高分！数百万读者强烈共鸣的文学绝唱...,林奕含,2018-02-01,北京联合出版有限公司,42.8
273,当下的力量（珍藏版）,埃克哈特.托利,2013-07-01,中信出版社,22.0
274,圆圈正义,罗翔,2019-08-07,中国法制出版社,37.0
275,秘密 （日本读者票选东野作品第 2名，仅次于《白夜行》）,东野圭吾,2017-11-01,南海出版公司,22.5
276,长辫子老师漫读必背古诗文130篇（统编版・小学卷）,郭学萍,2020-04-17,西安电子科技大学出版社,72.8
277,金波四季童话 注音美绘版套装 （全4册），收录了《怪手杖》《雨人...,金波,2018-02-01,长江少年儿童出版社,50.0
278,半小时漫画党史1921―1949（针对青少年研发，给孩子们讲党的故事...,上海人民出版社,2021-09-01,上海人民出版社,24.9
279,米小圈漫画成语（第一辑）（套装共5册）,北猫,2020-01-01,四川少儿出版社,49.0
280,科幻世界・三体Ⅲ・死神永生（典藏版）,刘慈欣,2016-06-30,重庆出版社,24.0
281,心流：最优体验心理学,米哈里・契克森米哈赖,2017-12-01,中信出版社,33.8
282,郑渊洁四大名传（全4册，含《罐头小人》电影情节）,郑渊洁,2015-12-01,浙江少年儿童出版社,52.2
283,西游记原著版（上、下册）（团购电话:400-1066666转6）,吴承恩,2010-10-01,人民文学出版社,26.0
284,科幻世界・三体Ⅱ・黑暗森林（典藏版）,刘慈欣,2016-06-30,重庆出版社,21.0
285,学习高手（90后哈佛耶鲁高分毕业生超实用学习法）,李柘远,2020-08-01,北京联合出版有限公司,52.3
287,会说话的汉字（全3册，配备《亲子阅读指导手册》）,梅子涵,2018-09-01,青岛出版社,74.0
288,刻意练习：如何从新手到大师,安德斯・艾利克森,2021-03-01,机械工业出版社,29.5
289,来喝水吧 葛瑞米・贝斯幻想大师系列，1-2年级阅读拓展书目，3-8岁...,葛瑞米・贝斯,2015-05-01,长江少年儿童出版社,24.0
290,列那狐的故事（舒朗大开本，与《伊索寓言》同入世界四大寓言名单...,季诺夫人,2017-03-01,辽宁少年儿童出版社,9.7
291,晚熟的人（莫言新书）,莫言,2020-07-01,人民文学出版社,44.2
292,男孩的学习力,富永雄辅,2020-06-01,四川文艺出版社,16.8
293,资治通鉴少年简读版(套装全4册）附赠音频，扫码畅听！四册盒装，...,何孝荣,2019-05-01,青岛出版社,78.0
294,敦煌奇幻旅行记 （套装全3册）,常怡,2021-08-23,中信出版社,52.5
295,我们的身体,艾德兰,2012-06-01,未来出版社,73.6
296,一年级大个子二年级小个子（注音版）,古田足日,2012-06-01,接力出版社,15.0
297,一年级的小豌豆+一年级的小蜜瓜（全彩注音版套装共2册）,商晓娜,2019-01-01,青岛出版社,38.0
298,傲慢与偏见（孙致礼先生翻译，幽默&唯美，豆瓣9.1分译本）,奥斯丁,2017-01-01,西安交通大学出版社,15.5
300,微尘（易中天、俞敏洪、史航、刘同、孙伊涵、小嘉感动推荐；作者...,陈年喜,2021-05-01,天津人民出版社,29.0
301,父与子全集（全彩版。一代幽默大师卜劳恩的爆笑暖心漫画）,埃・奥・卜劳恩,2017-04-01,浙江工商大学出版社,17.6
302,断舍离（2019新版，全新修订50%以上内容）宫崎骏、张德芬、李冰冰...,山下英子,2019-01-11,湖南文艺出版社,20.3
303,海蒂怀孕大百科（全新第5版，  百万育儿大V大J小D、年糕妈妈推荐...,海蒂・麦考夫,2019-04-01,南海出版公司,34.0
304,没头脑和不高兴（注音版）,任溶溶,2021-08-01,浙江少年儿童出版社,12.5
305,与艾尔伯特叔叔一起探索：量子宇宙（百班千人四年级共读用书）（...,罗素,2022-01-01,长江文艺出版社,24.0
306,目光（2020年度中国好书，陶勇医生文学随笔，董卿《朗读者》感动...,陶勇,2020-10-01,百花洲文艺出版社,24.9
307,上下五千年（最新版）,林汉达,2011-07-01,少年儿童出版社,44.0
308,雪国（川端康成诺贝尔文学奖获奖作，全新精装典藏版）,川端康成,2020-03-01,南海出版公司,24.5
309,拉鲁斯儿童心理小百科（精装大开本，四色图文，6-14岁孩子可以自...,卡琳・西蒙妮,2021-08-01,北京日报出版社,49.0
310,宫西达也恐龙系列全套7册（你看起来好像很好吃+我是霸王龙等）,宫西达也,2016-11-01,２１世纪出版社,87.3
311,一日三秋（刘震云睽违四年新作，用幽默化解成年人的崩溃瞬间，人...,刘震云,2021-07-01,花城出版社,29.0
312,第七天（2018版）,余华,2018-08-01,新星出版社,27.2
313,在孩子下次生病前（增订本）,裴洪岗,2019-07-01,人民卫生出版社,44.8
314,人类群星闪耀时（14个改变人类命运的天才，14个影响人类文明的瞬...,茨威格,2019-04-01,江苏凤凰文艺出版社,34.5
315,理解人性（成熟不是看懂事情，而是看透人性。）,阿德勒,2020-02-20,水利水电出版社,23.0
316,洛克菲勒留给儿子的38封信,洛克菲勒,2012-10-01,中华工商联合出版社,9.9
317,果麦经典：人类群星闪耀时（小米之父雷军、易中天、冯唐推荐！茨...,斯蒂芬・茨威格,2019-07-01,上海文艺出版社,24.5
318,下沉年代（“得到”年度好书，许倬云、刘擎、但斌一致推荐！呈现...,乔治・帕克,2021-01-01,文汇出版社,54.0
319,歪歪兔逆商教育系列图画书合集全20册（儿童情绪与行为引导培养，...,歪歪兔关键期早教项目组,2021-08-01,海豚出版社,80.0
320,画给孩子的二十四节气 : 精装彩绘本（中国第五大发明，非物质文化...,施英巍,2020-04-01,吉林美术出版社,40.0
321,遇见未知的自己：全新修订版,张德芬,2019-12-15,湖南文艺出版社,23.4
322,许三观卖血记（新版）,余华,2017-09-12,作家出版社,22.0
323,铃木绘本系列宫西达也低幼认知绘本 知道我吃什么了吗+转啊转+？？...,宫西达也,2019-12-31,海豚出版社,22.5
324,手不是用来打人的（儿童好品德系列，全5册）孩子多读就见效的习惯...,伊丽莎白・弗迪克,2018-04-01,贵州教育出版社,49.5
325,李佳琦直播推荐 学会爱自己（防性侵，安全意识、行为习惯培养绘本...,珊蒂克雷文,2016-02-01,青岛出版社,96.0
326,俗世奇人（全二册，冯骥才作品）,冯骥才,2016-02-29,作家出版社,20.0
328,一百个中国孩子的梦 百年百部经典书系全国优秀儿童文学奖 “五个...,董宏猷,2016-04-01,长江少年儿童出版社,16.0
329,理想国（商务印书馆汉译名著权威全译本，精装典藏版）,柏拉图,2020-06-01,商务印书馆,34.0
330,新参者（2016版）,东野圭吾,2016-02-01,南海出版公司,19.7
331,金字塔原理大全集（共2册）（思考表达和解决问题的逻辑，“抖音同...,芭芭拉,2019-07-01,南海出版公司,88.0
332,水浒传（上下册，全两册，中国古典文学读本丛书）（团购电话:400...,施耐庵,2004-09-01,人民文学出版社,27.9
333,甲骨文学校系列（4册，央视《读书》推荐、2021年度桂冠童书）,黄加佳,2021-06-01,北京联合出版有限公司,68.5
334,如果历史是一群喵8・盛世大唐篇,肥志,2021-05-25,广东旅游出版社,41.8
335,华夏万卷 田英章楷书7000常用字(升级版) 学生成人初学者临摹描红...,田英章,2018-12-01,上海交通大学出版社,9.9
336,活法,稻盛和夫,2019-11-01,东方出版社,28.5
337,天才在左 疯子在右(全新完整版),高铭,2018-05-01,北京联合出版有限公司,47.3
338,飘（上下） 世界名著典藏,米切尔,2015-02-01,中央编译出版社,25.0
339,做自己的中医（范怨武作品。原来健康可以这么简单；让你一学就会...,范怨武,2021-10-11,河北科学技术出版社,29.5
341,瓦尔登湖（瓦尔登湖畔，不只是身体的栖息之所，更是精神的沉思之...,亨利戴维梭罗,2015-12-01,作家出版社,11.8
342,我和小姐姐克拉拉（共3册）1.2.3 经典完全本,迪米特尔茵可夫,2015-09-01,二十一世纪出版社,24.0
343,价值：我对投资的思考 （高瓴资本创始人兼首席执行官张磊力作，团...,张磊,2020-09-30,浙江教育出版社,88.5
344,呼兰河传（绘本版）（和孩子一起，用单纯清澈的目光看世界）,萧红,2017-11-01,海豚出版社,49.0
345,我不敢说，我怕被骂――邓超微博推荐的绘本 带给孩子更多勇气和自...,皮姆,2019-11-01,北京联合出版公司,19.9
346,科学家故事100个（叶永烈）,叶永烈,2017-01-01,长江文艺出版社,21.2
347,汪曾祺散文集：人间知味（收录《人间草木》等经典散文）,汪曾祺,2018-02-05,时代文艺出版社,18.6
348,长安客（张颂文推荐，大唐版《人类群星闪耀时》，李白、杜甫、王...,北溟鱼,2020-05-01,天津人民出版社,22.5
349,暖房子・屁屁侦探系列（套装共7册）,Troll,2020-07-01,海豚出版社,57.5
350,斯凯瑞金色童书・忙忙碌碌的一天（全3册）,斯凯瑞,2007-10-01,贵州人民出版社,9.0
351,全员嫌疑人（本以为真相水落石出，没想到真凶另有其人！大山诚一...,大山诚一郎,2021-10-20,河南文艺出版社,21.0
352,厚黑学全集（足本典藏版，林语堂、南怀瑾、柏杨、李敖历经沉浮，...,李宗吾,2013-06-01,中国友谊出版公司,13.2
354,海底两万里 注音版名师名家读名著,儒勒・凡尔纳,2018-10-01,北方妇女儿童出版社,28.9
355,影响力（经典版）（团购，请致电010-57993380）,罗伯特・B.西奥迪尼,2016-09-01,北京联合出版公司,41.1
356,歪歪兔行为习惯系列互动图画书（全10册）,歪歪兔关键期早教项目组,2015-08-18,海豚出版社,45.0
357,"有本事（冯唐全新力作,一个人有本事才是靠得住的财富。）",冯唐,2021-07-01,北京联合出版有限公司,55.1
358,浮生六记（非常容易读懂原文的版本：详细注解+准确优美直译。获得...,沈复,2019-02-01,时代文艺出版社,16.8
359,慢一点也没关系（内卷时代的避坑指南）,比利时,2021-10-01,四川文艺出版社,17.7
360,笨狼的故事注音版・笨狼是谁（全彩美图）,汤素兰,2016-06-01,湖南少年儿童出版社,10.0
361,米小圈上学记二年级（套装共4册）,北猫,2018-04-01,四川少儿出版社,49.0
362,悲惨世界（法国大文豪雨果“命运三部曲”之一，未删节全译版）,维克多・雨果,2016-06-01,作家出版社,41.4
363,袁珂中国神话故事集（百班千人推荐）,袁珂,2017-06-01,中国少年儿童出版社,24.0
364,曾国藩传（张宏杰新作）,张宏杰,2019-01-01,民主与建设出版社,64.6
365,小刺猬理发百年百部精选注音书 本书收录了鲁兵的童话和童谣诗,鲁兵,2018-08-01,长江少年儿童出版社,12.5
366,你想活出怎样的人生（宫崎骏从10岁读到70岁的小说，同名电影制作...,吉野源三郎,2019-08-01,南海出版公司,24.7
367,悉达多（诺贝尔文学奖得主赫尔曼・黑塞的代表作，德文直译，原版...,赫尔曼・黑塞,2020-12-01,民主与建设出版社,34.4
368,走到人生边上――自问自答（增订本）,杨绛,2016-07-01,商务印书馆,40.5
369,记忆传授人――百班千人推荐！清华附小推荐，荣获美国纽伯瑞儿童...,洛伊丝・劳里,2021-04-29,河北教育出版社,20.0
371,神奇校车・动画版（全10册）,乔安娜柯尔,2011-04-05,贵州人民出版社,59.0
372,豆蔻镇的居民和强盗（注音版）：外方独家授权 叶君健权威译本 作...,托比扬・埃格纳,2017-09-01,湖南少年儿童出版社,12.5
373,少有人走的路：心智成熟的旅程（白金升级版）,M.斯科特・派克,2020-10-20,北京联合出版有限公司,24.7
374,佐贺的超级阿嬷,岛田洋七,2020-06-01,南海出版公司,30.8
375,世界的一天,安野光雅,2013-01-01,贵州人民出版社,19.9
376,神奇点心店（共4册）（欢迎光临钱天堂，“儿童版解忧杂货店”开张...,广岛玲子,2021-11-01,北京科学技术出版社,56.0
377,人生的枷锁（又译《人性的枷锁》，毛姆自认的完美作品，写给在现...,威廉・萨默赛特・毛姆,2016-09-01,作家出版社,24.5
378,一园青菜成了精（国际安徒生奖提名画家熊亮作品，中国原创绘本经...,熊亮,2017-08-01,天津人民出版社,8.8
379,《鲜衣怒马少年时》（1+2）套装,少年怒马,2021-08-01,湖南文艺出版社,44.1
380,古文观止译注(精装注音版，无障碍阅读!)(当当定制升级版),李梦生,2018-12-01,上海古籍出版社,34.0
381,小念头：恋爱中的沈从文,赵瑜,2017-04-01,作家出版社,26.2
382,认知觉醒：开启自我改变的原动力,周岭,2020-09-01,人民邮电出版社,41.2
383,阿勒泰的角落（李娟成名作四色典藏版）,李娟,2013-09-01,新星出版社,24.8
384,雾都孤儿（狄更斯代表作之一，讲述黑暗中闪现的人性光辉）,查尔斯・狄更斯,2015-09-01,作家出版社,14.6
385,共情的力量：情商高的人，如何抚慰受伤的灵魂,亚瑟・乔拉米卡利,2019-01-01,中国致公出版社,22.4
386,《有鸽子的夏天》荣获第11届全国优秀儿童文学奖 陈伯吹国际儿童文...,刘海栖,2021-12-01,山东教育出版社,24.0
388,从你的全世界路过：修订本（张嘉佳亲笔签名版与普通版本随机发送...,张嘉佳,2019-07-01,湖南文艺出版社,22.5
389,字母表谜案（怪异君推荐！当你隐隐觉得不对劲，致命的恶意正悄悄...,大山诚一郎,2021-04-30,河南文艺出版社,21.0
390,民国往事,萨沙,2015-05-01,北京联合出版公司,6.4
391,我要做好孩子 百年百部经典书系 黄蓓佳经典代表作，五个一工程奖...,黄蓓佳,2016-04-01,长江少年儿童出版社,12.5
394,抱住棒棒的自己（武志红强烈推荐。“过去的我已经做得很棒了，剩...,徐慢慢心理话,2021-11-01,浙江文艺出版社,29.9
395,中国年：传统节日立体书,呦呦童,2019-09-01,安徽科学技术出版社,49.0
396,悉达多（译者姜乙翻译）【果麦经典】,赫尔曼・黑塞,2017-01-01,天津人民出版社,16.0
397,365夜睡前故事（全4册） 宝宝睡前故事书0-3-6岁幼儿故事书早教配...,青葫芦,2018-01-01,福建科技出版社,26.3
398,月亮的味道（精装）,麦克格雷涅茨,2017-10-01,二十一世纪出版社,17.5
399,和爸妈游中国 给孩子的手绘中国地理绘本,黄宇,2019-09-01,明天出版社,67.9
400,天蓝色的彼岸,亚历克斯・希勒,2019-03-01,北京联合出版有限公司,17.5
401,克拉拉与太阳（比尔・盖茨2021年度书单，诺贝尔文学奖得主石黑一...,石黑一雄,2021-04-01,上海译文出版社,55.6
402,事实（比尔.盖茨送给全美大学生的毕业礼物！比尔.盖茨逢人就推荐...,汉斯・罗斯林,2019-05-07,文汇出版社,49.5
403,爱心树（2018版）,谢尔・希尔弗斯坦,2018-01-01,北京联合出版有限公司,27.6
404,成年人的世界没有容易二字（专治“怕、不甘心、难”，助你早日丧...,老杨的猫头鹰,2021-12-01,江苏凤凰文艺出版社,22.5
405,把妈妈的话装进耳朵里,玛尔塔・帕拉雷斯,2019-04-01,北京科学技术出版社,19.5
406,岛上书店（李现推荐，每个人的生命中，都有无比艰难的那一年，将...,加・泽文,2015-05-08,江苏文艺出版社,17.5
407,战马（（精装典藏版）,迈克尔・莫波格,2016-01-01,南海出版公司,27.6
408,哈利・波特与密室  (平装)（《语文》教材推荐阅读书目，外国儿童...,J.K.罗琳,2018-11-01,人民文学出版社,33.9
409,朱自清散文集 精装读书会,朱自清,2018-09-01,南京出版社,14.7
410,美好的旅行 全球 中国最美的100个地方 图说天下 国家地理 套装共...,图书天下・国家地理,2017-11-01,北京联合出版公司,15.5
411,财务自由之路（全三册）当当专享版 赠送精美书签,博多・舍费尔,2019-02-20,现代出版社,61.0
413,原则 principles 雷・达里奥著 跨年演讲推荐图书 团购电话:40010...,瑞・达利欧,2018-01-01,中信出版社,67.6
414,三国演义（上、下，全二册）（团购电话:400-1066666转6）,罗贯中,2010-09-01,人民文学出版社,21.7
415,苏东坡传：青少插图版,林语堂,2020-03-10,湖南少年儿童出版社,21.6
416,图勒的小幸福（全8册）,托马斯・蒂德霍尔姆,2018-03-01,辽宁少年儿童出版社,72.0
417,华夏万卷字帖5本装 正楷一本通田英章书 楷书硬笔书法学生成人钢笔...,田英章,2017-07-01,上海交通大学出版社,16.5
418,漫画讲透孙子兵法(全4册)（130个知识点讲透5000字原文，130场战斗...,华杉,2020-04-16,江苏凤凰文艺出版社,66.2
419,自驱型成长：如何科学有效地培养孩子的自律,威廉,2020-05-15,机械工业出版社,56.2
420,人性的弱点（戴尔・卡耐基成功学的奠基之作）,卡耐基,2015-06-01,北京联合出版公司,14.0
421,有钱人和你想的不一样（2020版，教会你有钱人和穷人不一样的17种...,哈维・艾克,2017-06-01,湖南文艺出版社,20.3
422,"西西弗神话（诺贝尔文学奖得主,加缪的荒诞哲学代表作)",阿尔贝・加缪,2020-09-01,民主与建设出版社,34.4
423,格格不入：不愿说谢谢的人（一代青年的成长史！）,王力,2017-03-01,贵州人民出版社,24.0
424,国际大奖小说・升级版--蓝色的海豚岛,斯・奥台尔,2017-05-01,新蕾出版社,14.6
425,大头儿子和小头爸爸经典原著故事合集（原著作者郑春华推荐版本，...,郑春华,2018-03-01,天地出版社,13.5
426,半小时漫画世界史2（ 四大文明古国组团出道，为啥只剩中国屹立不...,陈磊.半小时漫画团队,2021-06-30,北京日报出版社,24.9
427,推开窗子看见你 百年百部经典书系 金波儿童诗集，3-4年级阅读拓展...,金波,2016-04-01,长江少年儿童出版社,13.0
428,德鲁克 卓有成效的管理者,彼得.德鲁克,2019-04-20,机械工业出版社,51.7
429,毛毛(米切尔・恩德作品典藏),米切尔・恩德,2013-06-01,２１世纪出版社,15.0
430,米小圈脑筋急转弯（第二辑）(套装共4册）,北猫,2020-06-01,四川少儿出版社,31.4
431,0-4岁幼儿认知小百科（全3册),吉田纯子,2014-02-01,长江少年儿童出版社,56.8
432,桤木王（精装珍藏版桤（qī）木王！王小波推崇的文学大师！我们的...,米歇尔・图尼埃,2021-07-27,文汇出版社,39.5
433,如何阅读一本书,莫提默・J.艾德勒,2004-01-01,商务印书馆,42.2
434,茶馆（原汁原味老舍作品，无删节经典完整版。）,老舍,2020-08-01,台海出版社,34.4
435,幼儿学古诗（绘本版，全2册）,中国教育科学研究院学前教育研究中心,2019-08-08,教育科学出版社有限公司,49.0
436,凯文・汉克斯四季绘本套装 春天来了+夏天的歌+在秋天+冬天在这里...,凯文・汉克斯,2021-10-01,青岛出版社,95.0
437,夏洛书屋经典版・总有一天会长大 四年级推荐阅读,托摩脱・蒿根,2018-01-01,上海译文出版社,12.6
438,月亮与六便士（荣获豆瓣9.4高分评论，一本好书 腾讯视频栏目推荐...,毛姆,2016-04-01,南海出版公司,17.5
439,我们的母亲叫中国 百年百部经典书系 5-6年级阅读拓展书目,苏叔阳,2020-04-01,长江少年儿童出版社,11.0
440,半小时漫画科学史系列（全3册）（从地心说到相对论，半小时读懂人...,陈磊.半小时漫画团队,2021-05-31,文汇出版社,66.0
441,孙悟空在我们村里 百年百部经典书系 国风散文集，3-4年级阅读拓展...,郭风,2016-04-01,长江少年儿童出版社,10.0
442,人生（2021版，茅盾文学奖得主路遥代表作，激励万千读者，堪称《...,路遥,2021-07-01,北京十月文艺出版社,27.2
443,张爱玲全集01：倾城之恋（23岁张爱玲成名代表作！收录《倾城之恋...,张爱玲,2019-01-01,北京十月文艺出版社,29.2
444,牛虻（我一定要走自己的路，追随我所见到的光明。无数人因为读它...,艾捷尔・丽莲・伏尼契,2020-09-01,台海出版社,34.4
447,西游记幼儿美绘本（全10册）,吕进,2018-05-01,少年儿童出版社,99.5
448,崔玉涛育儿百科,崔玉涛,2018-12-31,中信出版社,89.0
449,夏日终曲（第90届奥斯卡获奖电影《请以你的名字呼唤我》原著小说...,安德烈・艾席蒙,2018-02-19,外语教学与研究出版社,28.7
450,东野圭吾：时生（东野圭吾暖心力作）,东野圭吾,2015-07-01,南海出版公司,19.7
451,数学星球（让孩子爱上数学的趣味绘本）,卡莉娜・卢瓦尔,2016-08-24,中国人口出版社,29.0
452,白鹿原（新版，央视《读书》推荐，含白鹿原+信任+蚕儿+霞光灿烂的...,陈忠实,2019-03-28,作家出版社,21.9
453,显微镜下的大明（马伯庸著，全新明朝历史书）,马伯庸,2019-01-01,湖南文艺出版社,23.4
454,很美很美的猜谜书(升级版)：巴黎彩绘解谜手册！激发孩子数学兴趣...,法布里斯,2021-06-17,北方文艺出版社,28.7
455,玩偶之家  培尔・金特（挪威易卜生中心官方认证简体中文版）,易卜生,2018-09-30,民主与建设出版社,30.6
456,动物农场（乔治・奥威尔经典的讽喻之作 ，也译“动物庄园”，后附...,乔治・奥威尔,2018-03-01,时代文艺出版社,11.8
457,猫武士（首）一部曲（6册/套）,艾琳.亨特,2017-09-01,中国少年儿童出版社,96.0
458,我是小科学家：理化大揭秘（满足孩子对理化的好奇心，为孩子打开...,未来少年,2021-11-23,长江少年儿童出版社,33.0
459,可复制的领导力：樊登的9堂商业课（团购，请致电400-106-6666转6...,樊登,2017-12-01,中信出版社,36.7
460,大雪将至,罗伯特・泽塔勒,2018-04-01,南海出版公司,19.5
461,一看就会的思维导图启蒙绘本（歪歪兔童书馆出品）,歪歪兔关键期早教,2019-04-30,海豚出版社,64.0
462,古代人的日常生活系列（典藏版共2册）（古代房价高吗？古人如何抗...,讲历史的王老师,2021-08-01,江苏凤凰文艺出版社,72.9
463,大中华寻宝系列 秦朝寻宝记,京鼎动漫,2021-01-01,二十一世纪出版社,17.5
464,人生由我：比“硅谷钢铁侠”埃隆・马斯克更酷的硬核母亲。励志版...,梅耶・马斯克,2020-06-01,中信出版社,44.2
465,小真的长头发,高楼方子,2020-05-01,海豚出版社,35.1
466,我喜欢自己――邓超微博推荐的绘本 带给孩子更多勇气和自信的绘本...,卡尔森,2019-11-01,河北教育出版社,17.9
467,美的历程（李泽厚代表名作）,李泽厚,2014-03-01,生活.读书.新知三联书店,38.6
468,虫洞书简：给青少年的74封信,王溢嘉,2020-01-01,台海出版社,19.9
469,世说新语（全2册・中华经典名著全本全注全译丛书-三全本）,朱碧莲,2014-09-01,中华书局,39.6
470,哈利・波特与“混血王子”  (平装)（《语文》教材推荐阅读书目，...,J.K.罗琳,2018-11-01,人民文学出版社,56.8
471,习近平讲故事（少年版）,人民日报评论部,2018-03-01,中国少年儿童出版社,10.6
472,自卑与超越（也译作《超越自卑》。个体心理学创始人阿德勒代表作...,阿尔弗雷德・阿德勒,2017-11-01,民主与建设出版社,14.1
473,洋葱头历险记--罗大里故事精选（注音彩绘版）,贾尼・罗大里,2021-01-01,中国少年儿童出版社,15.0
474,小威向前冲,尼古拉斯・艾伦,2018-04-23,贵州人民出版社,18.0
475,杨绛传：简朴的生活，高贵的灵魂（杨绛先生诞辰110周年纪念版）,梅子,2020-06-01,民主与建设出版社,34.4
476,一年级的小豌豆 （彩色修订版）,商晓娜,2019-01-01,青岛出版社,18.8
477,掌控习惯（屡次获奖的现象级畅销书，得到&吴晓波倾力推荐）,詹姆斯・克利尔,2019-07-01,北京联合出版有限公司,28.0
478,蛙（茅盾文学奖获奖作品，诺奖得主莫言畅销不衰的代表作；书写计...,莫言,2020-03-01,浙江文艺出版社,22.1
479,非自然死亡：我的法医笔记（法医秦明冠名推荐，15年法医生涯，19...,刘晓辉,2020-11-30,台海出版社,26.0
480,狼图腾（王俊凯、白岩松推荐经典小说 ，入选人大附中等多所名校课...,姜戎,2020-01-01,北京十月文艺出版社,49.7
481,曹文轩纯美小说：山羊不吃天堂草,曹文轩,2016-04-01,江苏少年儿童出版社,10.4
482,余秋雨 文化苦旅,余秋雨,2019-04-01,长江文艺出版社,24.9
483,东野圭吾：假面山庄（东野圭吾烧脑长篇）,东野圭吾,2018-01-01,北京十月文艺出版社,22.5
484,穆斯林的葬礼（2015版）,霍达,2015-09-01,北京十月文艺出版社,34.3
485,鄙视（意大利的“鲁迅”！我渴望的其实不是分手，而是重新相爱。...,阿尔贝托・莫拉维亚,2021-07-29,江苏凤凰文艺出版社,31.0
486,"受害者游戏（女版东野圭吾 , 继《圣母》《暗黑女子》后又一力作，...",秋吉理香子,2021-04-01,中国友谊出版公司,17.9
487,梦圆大地：袁隆平传,姚昆仑,2015-07-01,中国地图出版社,31.7
488,思考，快与慢（团购电话400-106-6666转6）,丹尼尔・卡尼曼,2012-07-01,中信出版社,47.6
489,父与子全集（全彩精装版。一代幽默大师卜劳恩的爆笑暖心漫画）,埃・奥・卜劳恩,2018-04-16,浙江工商大学出版社,22.1
490,道德经 精装珍藏本,老子,2016-06-30,作家出版社,12.7
491,柳林风声,肯尼斯格雷厄姆,2013-08-15,贵州人民出版社,49.0
492,湘行散记：沈从文散文精粹（沈从文代表作）,沈从文,2019-04-01,中国友谊出版公司,15.7
493,当我谈跑步时，我谈些什么（2015典藏版）,村上春树,2015-10-01,南海出版公司,18.0
494,俗世奇人全本（收录冯骥才2019年18篇新作，完整收录54篇“俗世奇...,冯骥才,2019-12-01,人民文学出版社,27.0
495,一年级大个子二年级小个子,古田足日,2015-10-01,接力出版社,12.4
496,贾里贾梅大系  男生贾里全传,秦文君,2014-05-01,少年儿童出版社,12.0
497,医路向前巍子给中国人的救护指南,医路向前巍子,2020-12-01,北京联合出版有限公司,64.6
498,干法（平装本）,稻盛和夫,2021-07-01,机械工业出版社,24.5
499,犟龟,米切尔.恩德,2017-10-01,二十一世纪出版社,17.7
500,林汉达中国历史故事集（珍藏版）,林汉达,2021-08-01,中国少年儿童出版社,57.0
